<?xml version="1.0" encoding="UTF-8"?>
<metadata xml:lang="en"><Esri><CreaDate>20250426</CreaDate><CreaTime>04105500</CreaTime><ArcGISFormat>1.0</ArcGISFormat><SyncOnce>TRUE</SyncOnce><RematchLocator>jenn2024_locat_CreateComposi<Category Locator="Review">Address</Category><Description Locator="Review">Geocode addresses against multiple address locators.</Description><AdditionalReverseOutputs Locator="Review">Addr_type</AdditionalReverseOutputs><AdditionalReverseOutputs Locator="Review">Type</AdditionalReverseOutputs><BuildVersion Locator="Review">$Revision: 14$</BuildVersion><BuildVersionDate Locator="Review">$Date: 1/31/2012 5:36:09 PM$</BuildVersionDate><CL.jenn2024_locat.Enabled Locator="Review">TRUE</CL.jenn2024_locat.Enabled><CL.jenn2024_locat.Input Locator="Review">Address</CL.jenn2024_locat.Input><CL.jenn2024_locat.Input Locator="Review">Address2</CL.jenn2024_locat.Input><CL.jenn2024_locat.Input Locator="Review">Address3</CL.jenn2024_locat.Input><CL.jenn2024_locat.Input Locator="Review">Neighborhood</CL.jenn2024_locat.Input><CL.jenn2024_locat.Input Locator="Review">City</CL.jenn2024_locat.Input><CL.jenn2024_locat.Input Locator="Review">Subregion</CL.jenn2024_locat.Input><CL.jenn2024_locat.Input Locator="Review">Region</CL.jenn2024_locat.Input><CL.jenn2024_locat.Input Locator="Review">Postal</CL.jenn2024_locat.Input><CL.jenn2024_locat.Input Locator="Review">PostalExt</CL.jenn2024_locat.Input><CL.jenn2024_locat.Input Locator="Review">CountryCode</CL.jenn2024_locat.Input><CL.jenn2024_locat.LocWks Locator="Review">Type=Database;Wks=(ProgID = esriDataSourcesFile.ShapefileWorkspaceFactory; Path = .)</CL.jenn2024_locat.LocWks><CL.jenn2024_locat.Name Locator="Review">jenn2024_locator</CL.jenn2024_locat.Name><CL.jenn2024_locat.Select Locator="Review">::</CL.jenn2024_locat.Select><CL.Locator Locator="Review">jenn2024_locat</CL.Locator><CL.Locator Locator="Review">Ohio_View</CL.Locator><CL.Ohio_View.Enabled Locator="Review">TRUE</CL.Ohio_View.Enabled><CL.Ohio_View.Input Locator="Review">Address</CL.Ohio_View.Input><CL.Ohio_View.Input Locator="Review">Address2</CL.Ohio_View.Input><CL.Ohio_View.Input Locator="Review">Address3</CL.Ohio_View.Input><CL.Ohio_View.Input Locator="Review">Neighborhood</CL.Ohio_View.Input><CL.Ohio_View.Input Locator="Review">City</CL.Ohio_View.Input><CL.Ohio_View.Input Locator="Review">Subregion</CL.Ohio_View.Input><CL.Ohio_View.Input Locator="Review">Region</CL.Ohio_View.Input><CL.Ohio_View.Input Locator="Review">Postal</CL.Ohio_View.Input><CL.Ohio_View.Input Locator="Review">PostalExt</CL.Ohio_View.Input><CL.Ohio_View.Input Locator="Review">CountryCode</CL.Ohio_View.Input><CL.Ohio_View.LocWks Locator="Review">Type=Rest;Uri=(https://utility.arcgis.com/usrsvcs/servers/486fadbbf81e42418daa2f5e014073c3/rest/services/World/GeocodeServer/Ohio_View)</CL.Ohio_View.LocWks><CL.Ohio_View.Name Locator="Review">Ohio_View</CL.Ohio_View.Name><CL.Ohio_View.Select Locator="Review">::</CL.Ohio_View.Select><CL.ResultOrder Locator="Review">::</CL.ResultOrder><CL.SkipBadLocators Locator="Review">FALSE</CL.SkipBadLocators><CL.SR Locator="Review">ByDescr</CL.SR><CL.SR.Descr Locator="Review">GEOGCS["GCS_WGS_1984",DATUM["D_WGS_1984",SPHEROID["WGS_1984",6378137.0,298.257223563]],PRIMEM["Greenwich",0.0],UNIT["Degree",0.0174532925199433]]</CL.SR.Descr><CL.SR.Domain Locator="Review">-400.000000,-400.000000,9006799.254741,9006799.254741</CL.SR.Domain><CLSID Locator="Review">{29B85A89-D2CE-4aeb-BC3F-661A3D2C296E}</CLSID><FieldAliases Locator="Review">Address or Place</FieldAliases><FieldAliases Locator="Review">Address2</FieldAliases><FieldAliases Locator="Review">Address3</FieldAliases><FieldAliases Locator="Review">Neighborhood</FieldAliases><FieldAliases Locator="Review">City</FieldAliases><FieldAliases Locator="Review">County</FieldAliases><FieldAliases Locator="Review">State</FieldAliases><FieldAliases Locator="Review">ZIP</FieldAliases><FieldAliases Locator="Review">ZIP4</FieldAliases><FieldAliases Locator="Review">Country</FieldAliases><FieldNames.0 Locator="Review">Address</FieldNames.0><FieldNames.1 Locator="Review">Address2</FieldNames.1><FieldNames.2 Locator="Review">Address3</FieldNames.2><FieldNames.3 Locator="Review">Neighborhood</FieldNames.3><FieldNames.4 Locator="Review">City</FieldNames.4><FieldNames.5 Locator="Review">Subregion</FieldNames.5><FieldNames.6 Locator="Review">Region</FieldNames.6><FieldNames.7 Locator="Review">Postal</FieldNames.7><FieldNames.8 Locator="Review">PostalExt</FieldNames.8><FieldNames.9 Locator="Review">CountryCode</FieldNames.9><Fields Locator="Review">Address</Fields><Fields Locator="Review">Address2</Fields><Fields Locator="Review">Address3</Fields><Fields Locator="Review">Neighborhood</Fields><Fields Locator="Review">City</Fields><Fields Locator="Review">Subregion</Fields><Fields Locator="Review">Region</Fields><Fields Locator="Review">Postal</Fields><Fields Locator="Review">PostalExt</Fields><Fields Locator="Review">CountryCode</Fields><FieldSizes Locator="Review">100</FieldSizes><FieldSizes Locator="Review">100</FieldSizes><FieldSizes Locator="Review">100</FieldSizes><FieldSizes Locator="Review">50</FieldSizes><FieldSizes Locator="Review">50</FieldSizes><FieldSizes Locator="Review">50</FieldSizes><FieldSizes Locator="Review">50</FieldSizes><FieldSizes Locator="Review">20</FieldSizes><FieldSizes Locator="Review">20</FieldSizes><FieldSizes Locator="Review">100</FieldSizes><FieldsRequired Locator="Review">FALSE</FieldsRequired><FieldsRequired Locator="Review">FALSE</FieldsRequired><FieldsRequired Locator="Review">FALSE</FieldsRequired><FieldsRequired Locator="Review">FALSE</FieldsRequired><FieldsRequired Locator="Review">FALSE</FieldsRequired><FieldsRequired Locator="Review">FALSE</FieldsRequired><FieldsRequired Locator="Review">FALSE</FieldsRequired><FieldsRequired Locator="Review">FALSE</FieldsRequired><FieldsRequired Locator="Review">FALSE</FieldsRequired><FieldsRequired Locator="Review">FALSE</FieldsRequired><LocatorWorkspaceString Locator="Review">ProgID = esriDataSourcesFile.ShapefileWorkspaceFactory; Path = ..</LocatorWorkspaceString><LocFileUseUTF8 Locator="Review">True</LocFileUseUTF8><MaxSuggestCandidates Locator="Review">10</MaxSuggestCandidates><RebuildStartTime Locator="Review">133742530619540000</RebuildStartTime><RebuildStartTimeAscii Locator="Review">2:17:41 PM</RebuildStartTimeAscii><RuntimeMemoryLimit Locator="Review">1024000000</RuntimeMemoryLimit><SafeLocatorName Locator="Review">jenn2024_locat_CreateComposi</SafeLocatorName><SingleLineField Locator="Review">SingleLine</SingleLineField><SingleLineFieldAlias Locator="Review">Single Line Input</SingleLineFieldAlias><SingleLineFieldNames Locator="Review">Address</SingleLineFieldNames><SingleLineFieldNames Locator="Review">SingleLine</SingleLineFieldNames><SingleLineFieldNames Locator="Review">FullAddress</SingleLineFieldNames><SingleLineFieldNames Locator="Review">Customer</SingleLineFieldNames><SingleLineFieldSize Locator="Review">200</SingleLineFieldSize><UICLSID Locator="Review">{3D486637-6BCF-4A0C-83DB-A02D437FB8FC}</UICLSID><UseMultithreading Locator="Review">True</UseMultithreading><UseRelativePaths Locator="Review">True</UseRelativePaths><Version Locator="Review">10.0</Version><WritePercentAlongField Locator="Review">FALSE</WritePercentAlongField><WriteReferenceIDField Locator="Review">FALSE</WriteReferenceIDField><WriteStandardizedAddressField Locator="Review">FALSE</WriteStandardizedAddressField><WriteXYCoordFields Locator="Review">FALSE</WriteXYCoordFields><CountriesFilter Locator="Review">::</CountriesFilter><InTable Locator="Review">::</InTable><InKeyColumns Locator="Review">::</InKeyColumns><InColumns Locator="Review">IN_Address</InColumns><InColumns Locator="Review">IN_Address2</InColumns><InColumns Locator="Review">IN_Address3</InColumns><InColumns Locator="Review">IN_Neighborhood</InColumns><InColumns Locator="Review">IN_City</InColumns><InColumns Locator="Review">IN_Subregion</InColumns><InColumns Locator="Review">IN_Region</InColumns><InColumns Locator="Review">IN_Postal</InColumns><InColumns Locator="Review">IN_PostalExt</InColumns><InColumns Locator="Review">IN_CountryCode</InColumns><OutTable Locator="Review">::</OutTable><OutKeyColumns Locator="Review">::</OutKeyColumns><OutColumns Locator="Review">Loc_name</OutColumns><OutColumns Locator="Review">Shape</OutColumns><OutColumns Locator="Review">Status</OutColumns><OutColumns Locator="Review">Score</OutColumns><OutColumns Locator="Review">Match_addr</OutColumns><OutColumns Locator="Review">LongLabel</OutColumns><OutColumns Locator="Review">ShortLabel</OutColumns><OutColumns Locator="Review">Addr_type</OutColumns><OutColumns Locator="Review">Type</OutColumns><OutColumns Locator="Review">PlaceName</OutColumns><OutColumns Locator="Review">Place_addr</OutColumns><OutColumns Locator="Review">Phone</OutColumns><OutColumns Locator="Review">URL</OutColumns><OutColumns Locator="Review">Rank</OutColumns><OutColumns Locator="Review">AddBldg</OutColumns><OutColumns Locator="Review">AddNum</OutColumns><OutColumns Locator="Review">AddNumFrom</OutColumns><OutColumns Locator="Review">AddNumTo</OutColumns><OutColumns Locator="Review">AddRange</OutColumns><OutColumns Locator="Review">Side</OutColumns><OutColumns Locator="Review">StPreDir</OutColumns><OutColumns Locator="Review">StPreType</OutColumns><OutColumns Locator="Review">StName</OutColumns><OutColumns Locator="Review">StType</OutColumns><OutColumns Locator="Review">StDir</OutColumns><OutColumns Locator="Review">BldgType</OutColumns><OutColumns Locator="Review">BldgName</OutColumns><OutColumns Locator="Review">LevelType</OutColumns><OutColumns Locator="Review">LevelName</OutColumns><OutColumns Locator="Review">UnitType</OutColumns><OutColumns Locator="Review">UnitName</OutColumns><OutColumns Locator="Review">SubAddr</OutColumns><OutColumns Locator="Review">StAddr</OutColumns><OutColumns Locator="Review">Block</OutColumns><OutColumns Locator="Review">Sector</OutColumns><OutColumns Locator="Review">Nbrhd</OutColumns><OutColumns Locator="Review">District</OutColumns><OutColumns Locator="Review">City</OutColumns><OutColumns Locator="Review">MetroArea</OutColumns><OutColumns Locator="Review">Subregion</OutColumns><OutColumns Locator="Review">Region</OutColumns><OutColumns Locator="Review">RegionAbbr</OutColumns><OutColumns Locator="Review">Territory</OutColumns><OutColumns Locator="Review">Zone</OutColumns><OutColumns Locator="Review">Postal</OutColumns><OutColumns Locator="Review">PostalExt</OutColumns><OutColumns Locator="Review">Country</OutColumns><OutColumns Locator="Review">CntryName</OutColumns><OutColumns Locator="Review">LangCode</OutColumns><OutColumns Locator="Review">Distance</OutColumns><OutColumns Locator="Review">X</OutColumns><OutColumns Locator="Review">Y</OutColumns><OutColumns Locator="Review">DisplayX</OutColumns><OutColumns Locator="Review">DisplayY</OutColumns><OutColumns Locator="Review">Xmin</OutColumns><OutColumns Locator="Review">Xmax</OutColumns><OutColumns Locator="Review">Ymin</OutColumns><OutColumns Locator="Review">Ymax</OutColumns><OutColumns Locator="Review">ExInfo</OutColumns><sourceCountry Locator="Review">US</sourceCountry><locationType Locator="Review">ROOFTOP</locationType></RematchLocator><DataProperties><itemProps/></DataProperties></Esri></metadata>
